--Excute the next line separately.
USE DMS;

-- Building query
INSERT INTO Building VALUES('306');
INSERT INTO Building VALUES('307');
INSERT INTO Building VALUES('308');
INSERT INTO Building VALUES('406');
INSERT INTO Building VALUES('407');
INSERT INTO Building VALUES('408');

-- Dormitory query.
INSERT INTO Dorm(BuildingNumber,RoomNumber,maxCapacity,lockers,dormType, studyTable, chair, bedNumber) VALUES('306','100',8,7,'M',3,4,8);
INSERT INTO Dorm(BuildingNumber,RoomNumber,maxCapacity,lockers,dormType, studyTable, chair, bedNumber) VALUES('306','101',8,6,'M',3,4,8)
INSERT INTO Dorm(BuildingNumber,RoomNumber,maxCapacity,lockers,dormType, studyTable, chair, bedNumber) VALUES('306','102',8,5,'M',3,4,8)
INSERT INTO Dorm(BuildingNumber,RoomNumber,maxCapacity,lockers,dormType, studyTable, chair, bedNumber) VALUES('306','103',8,4,'M',3,4,8)
INSERT INTO Dorm(BuildingNumber,RoomNumber,maxCapacity,lockers,dormType, studyTable, chair, bedNumber) VALUES('306','104',8,3,'M',3,4,8)
INSERT INTO Dorm(BuildingNumber,RoomNumber,maxCapacity,lockers,dormType, studyTable, chair, bedNumber) VALUES('306','105',8,2,'M',3,4,8)
INSERT INTO Dorm(BuildingNumber,RoomNumber,maxCapacity,lockers,dormType, studyTable, chair, bedNumber) VALUES('306','106',8,1,'M',3,4,8)
INSERT INTO Dorm(BuildingNumber,RoomNumber,maxCapacity,lockers,dormType, studyTable, chair, bedNumber) VALUES('306','107',8,2,'M',3,4,8)
INSERT INTO Dorm(BuildingNumber,RoomNumber,maxCapacity,lockers,dormType, studyTable, chair, bedNumber) VALUES('306','108',8,3,'M',3,4,8)
INSERT INTO Dorm(BuildingNumber,RoomNumber,maxCapacity,lockers,dormType, studyTable, chair, bedNumber) VALUES('306','109',8,4,'M',3,4,8)
INSERT INTO Dorm(BuildingNumber,RoomNumber,maxCapacity,lockers,dormType, studyTable, chair, bedNumber) VALUES('306','110',8,5,'M',3,4,8)
INSERT INTO Dorm(BuildingNumber,RoomNumber,maxCapacity,lockers,dormType, studyTable, chair, bedNumber) VALUES('306','111',8,6,'M',3,4,8)
INSERT INTO Dorm(BuildingNumber,RoomNumber,maxCapacity,lockers,dormType, studyTable, chair, bedNumber) VALUES('306','112',8,7,'M',3,4,8)
INSERT INTO Dorm(BuildingNumber,RoomNumber,maxCapacity,lockers,dormType, studyTable, chair, bedNumber) VALUES('306','113',8,8,'M',3,4,8)
INSERT INTO Dorm(BuildingNumber,RoomNumber,maxCapacity,lockers,dormType, studyTable, chair, bedNumber) VALUES('306','114',8,7,'M',3,4,8)
INSERT INTO Dorm(BuildingNumber,RoomNumber,maxCapacity,lockers,dormType, studyTable, chair, bedNumber) VALUES('306','115',8,6,'M',3,4,8);
INSERT INTO Dorm(BuildingNumber,RoomNumber,maxCapacity,lockers,dormType, studyTable, chair, bedNumber) VALUES('306','116',8,5,'M',3,4,8)
INSERT INTO Dorm(BuildingNumber,RoomNumber,maxCapacity,lockers,dormType, studyTable, chair, bedNumber) VALUES('306','117',8,4,'M',3,4,8)
INSERT INTO Dorm(BuildingNumber,RoomNumber,maxCapacity,lockers,dormType, studyTable, chair, bedNumber) VALUES('306','118',8,3,'M',3,4,8)
INSERT INTO Dorm(BuildingNumber,RoomNumber,maxCapacity,lockers,dormType, studyTable, chair, bedNumber) VALUES('306','119',8,2,'M',3,4,8)
INSERT INTO Dorm(BuildingNumber,RoomNumber,maxCapacity,lockers,dormType, studyTable, chair, bedNumber) VALUES('306','120',8,1,'M',3,4,8)
INSERT INTO Dorm(BuildingNumber,RoomNumber,maxCapacity,lockers,dormType, studyTable, chair, bedNumber) VALUES('306','121',8,2,'M',3,4,8)
INSERT INTO Dorm(BuildingNumber,RoomNumber,maxCapacity,lockers,dormType, studyTable, chair, bedNumber) VALUES('306','122',8,3,'M',3,4,8)
INSERT INTO Dorm(BuildingNumber,RoomNumber,maxCapacity,lockers,dormType, studyTable, chair, bedNumber) VALUES('306','123',8,4,'M',3,4,8)
INSERT INTO Dorm(BuildingNumber,RoomNumber,maxCapacity,lockers,dormType, studyTable, chair, bedNumber) VALUES('306','124',8,5,'M',3,4,8)
INSERT INTO Dorm(BuildingNumber,RoomNumber,maxCapacity,lockers,dormType, studyTable, chair, bedNumber) VALUES('306','125',8,6,'M',3,4,8)
INSERT INTO Dorm(BuildingNumber,RoomNumber,maxCapacity,lockers,dormType, studyTable, chair, bedNumber) VALUES('306','126',8,7,'M',3,4,8)

INSERT INTO Dorm(BuildingNumber,RoomNumber,maxCapacity,lockers,dormType, studyTable, chair, bedNumber) VALUES('306','140',4,1,'M',3,4,8)
INSERT INTO Dorm(BuildingNumber,RoomNumber,maxCapacity,lockers,dormType, studyTable, chair, bedNumber) VALUES('306','141',4,2,'M',3,4,8)
INSERT INTO Dorm(BuildingNumber,RoomNumber,maxCapacity,lockers,dormType, studyTable, chair, bedNumber) VALUES('306','142',4,3,'M',3,4,8)
INSERT INTO Dorm(BuildingNumber,RoomNumber,maxCapacity,lockers,dormType, studyTable, chair, bedNumber) VALUES('306','143',4,4,'M',3,4,8)
INSERT INTO Dorm(BuildingNumber,RoomNumber,maxCapacity,lockers,dormType, studyTable, chair, bedNumber) VALUES('306','144',4,3,'M',3,4,8)
INSERT INTO Dorm(BuildingNumber,RoomNumber,maxCapacity,lockers,dormType, studyTable, chair, bedNumber) VALUES('306','145',4,2,'M',3,4,8);
INSERT INTO Dorm(BuildingNumber,RoomNumber,maxCapacity,lockers,dormType, studyTable, chair, bedNumber) VALUES('306','146',4,1,'M',3,4,8)
INSERT INTO Dorm(BuildingNumber,RoomNumber,maxCapacity,lockers,dormType, studyTable, chair, bedNumber) VALUES('306','147',4,2,'M',3,4,8)
INSERT INTO Dorm(BuildingNumber,RoomNumber,maxCapacity,lockers,dormType, studyTable, chair, bedNumber) VALUES('306','148',4,3,'M',3,4,8)


INSERT INTO Dorm(BuildingNumber,RoomNumber,maxCapacity,lockers,dormType, studyTable, chair, bedNumber) VALUES('306','156',2,1,'M',3,4,8)
INSERT INTO Dorm(BuildingNumber,RoomNumber,maxCapacity,lockers,dormType, studyTable, chair, bedNumber) VALUES('306','157',2,2,'M',3,4,8)
INSERT INTO Dorm(BuildingNumber,RoomNumber,maxCapacity,lockers,dormType, studyTable, chair, bedNumber) VALUES('306','158',2,1,'M',3,4,8)
INSERT INTO Dorm(BuildingNumber,RoomNumber,maxCapacity,lockers,dormType, studyTable, chair, bedNumber) VALUES('306','159',2,2,'M',3,4,8)
INSERT INTO Dorm(BuildingNumber,RoomNumber,maxCapacity,lockers,dormType, studyTable, chair, bedNumber) VALUES('306','160',2,1,'M',3,4,8)



INSERT INTO Dorm(BuildingNumber,RoomNumber,maxCapacity,lockers,dormType, studyTable, chair, bedNumber) VALUES('307','100',8,7,'M',3,4,8);
INSERT INTO Dorm(BuildingNumber,RoomNumber,maxCapacity,lockers,dormType, studyTable, chair, bedNumber) VALUES('307','101',8,6,'M',3,4,8)
INSERT INTO Dorm(BuildingNumber,RoomNumber,maxCapacity,lockers,dormType, studyTable, chair, bedNumber) VALUES('307','102',8,5,'M',3,4,8)
INSERT INTO Dorm(BuildingNumber,RoomNumber,maxCapacity,lockers,dormType, studyTable, chair, bedNumber) VALUES('307','103',8,4,'M',3,4,8)
INSERT INTO Dorm(BuildingNumber,RoomNumber,maxCapacity,lockers,dormType, studyTable, chair, bedNumber) VALUES('307','104',8,3,'M',3,4,8)
INSERT INTO Dorm(BuildingNumber,RoomNumber,maxCapacity,lockers,dormType, studyTable, chair, bedNumber) VALUES('307','105',8,2,'M',3,4,8)
INSERT INTO Dorm(BuildingNumber,RoomNumber,maxCapacity,lockers,dormType, studyTable, chair, bedNumber) VALUES('307','106',8,1,'M',3,4,8)
INSERT INTO Dorm(BuildingNumber,RoomNumber,maxCapacity,lockers,dormType, studyTable, chair, bedNumber) VALUES('307','107',8,2,'M',3,4,8)
INSERT INTO Dorm(BuildingNumber,RoomNumber,maxCapacity,lockers,dormType, studyTable, chair, bedNumber) VALUES('307','108',8,3,'M',3,4,8)
INSERT INTO Dorm(BuildingNumber,RoomNumber,maxCapacity,lockers,dormType, studyTable, chair, bedNumber) VALUES('307','109',8,4,'M',3,4,8)
INSERT INTO Dorm(BuildingNumber,RoomNumber,maxCapacity,lockers,dormType, studyTable, chair, bedNumber) VALUES('307','110',8,5,'M',3,4,8)
INSERT INTO Dorm(BuildingNumber,RoomNumber,maxCapacity,lockers,dormType, studyTable, chair, bedNumber) VALUES('307','111',8,6,'M',3,4,8)
INSERT INTO Dorm(BuildingNumber,RoomNumber,maxCapacity,lockers,dormType, studyTable, chair, bedNumber) VALUES('307','112',8,7,'M',3,4,8)
INSERT INTO Dorm(BuildingNumber,RoomNumber,maxCapacity,lockers,dormType, studyTable, chair, bedNumber) VALUES('307','113',8,8,'M',3,4,8)
INSERT INTO Dorm(BuildingNumber,RoomNumber,maxCapacity,lockers,dormType, studyTable, chair, bedNumber) VALUES('307','114',8,7,'M',3,4,8)
INSERT INTO Dorm(BuildingNumber,RoomNumber,maxCapacity,lockers,dormType, studyTable, chair, bedNumber) VALUES('307','115',8,6,'M',3,4,8);
INSERT INTO Dorm(BuildingNumber,RoomNumber,maxCapacity,lockers,dormType, studyTable, chair, bedNumber) VALUES('307','116',8,5,'M',3,4,8)
INSERT INTO Dorm(BuildingNumber,RoomNumber,maxCapacity,lockers,dormType, studyTable, chair, bedNumber) VALUES('307','117',8,4,'M',3,4,8)
INSERT INTO Dorm(BuildingNumber,RoomNumber,maxCapacity,lockers,dormType, studyTable, chair, bedNumber) VALUES('307','118',8,3,'M',3,4,8)
INSERT INTO Dorm(BuildingNumber,RoomNumber,maxCapacity,lockers,dormType, studyTable, chair, bedNumber) VALUES('307','119',8,2,'M',3,4,8)
INSERT INTO Dorm(BuildingNumber,RoomNumber,maxCapacity,lockers,dormType, studyTable, chair, bedNumber) VALUES('307','120',8,1,'M',3,4,8)
INSERT INTO Dorm(BuildingNumber,RoomNumber,maxCapacity,lockers,dormType, studyTable, chair, bedNumber) VALUES('307','121',8,2,'M',3,4,8)
INSERT INTO Dorm(BuildingNumber,RoomNumber,maxCapacity,lockers,dormType, studyTable, chair, bedNumber) VALUES('307','122',8,3,'M',3,4,8)
INSERT INTO Dorm(BuildingNumber,RoomNumber,maxCapacity,lockers,dormType, studyTable, chair, bedNumber) VALUES('307','123',8,4,'M',3,4,8)
INSERT INTO Dorm(BuildingNumber,RoomNumber,maxCapacity,lockers,dormType, studyTable, chair, bedNumber) VALUES('307','124',8,5,'M',3,4,8)
INSERT INTO Dorm(BuildingNumber,RoomNumber,maxCapacity,lockers,dormType, studyTable, chair, bedNumber) VALUES('307','125',8,6,'M',3,4,8)
INSERT INTO Dorm(BuildingNumber,RoomNumber,maxCapacity,lockers,dormType, studyTable, chair, bedNumber) VALUES('307','126',8,7,'M',3,4,8)
INSERT INTO Dorm(BuildingNumber,RoomNumber,maxCapacity,lockers,dormType, studyTable, chair, bedNumber) VALUES('307','127',8,6,'M',3,4,8)
INSERT INTO Dorm(BuildingNumber,RoomNumber,maxCapacity,lockers,dormType, studyTable, chair, bedNumber) VALUES('307','128',8,5,'M',3,4,8)

INSERT INTO Dorm(BuildingNumber,RoomNumber,maxCapacity,lockers,dormType, studyTable, chair, bedNumber) VALUES('307','140',4,1,'M',3,4,8)
INSERT INTO Dorm(BuildingNumber,RoomNumber,maxCapacity,lockers,dormType, studyTable, chair, bedNumber) VALUES('307','141',4,2,'M',3,4,8)
INSERT INTO Dorm(BuildingNumber,RoomNumber,maxCapacity,lockers,dormType, studyTable, chair, bedNumber) VALUES('307','142',4,3,'M',3,4,8)
INSERT INTO Dorm(BuildingNumber,RoomNumber,maxCapacity,lockers,dormType, studyTable, chair, bedNumber) VALUES('307','143',4,4,'M',3,4,8)
INSERT INTO Dorm(BuildingNumber,RoomNumber,maxCapacity,lockers,dormType, studyTable, chair, bedNumber) VALUES('307','144',4,3,'M',3,4,8)
INSERT INTO Dorm(BuildingNumber,RoomNumber,maxCapacity,lockers,dormType, studyTable, chair, bedNumber) VALUES('307','145',4,2,'M',3,4,8);
INSERT INTO Dorm(BuildingNumber,RoomNumber,maxCapacity,lockers,dormType, studyTable, chair, bedNumber) VALUES('307','146',4,1,'M',3,4,8)
INSERT INTO Dorm(BuildingNumber,RoomNumber,maxCapacity,lockers,dormType, studyTable, chair, bedNumber) VALUES('307','147',4,2,'M',3,4,8)
INSERT INTO Dorm(BuildingNumber,RoomNumber,maxCapacity,lockers,dormType, studyTable, chair, bedNumber) VALUES('307','148',4,3,'M',3,4,8)
INSERT INTO Dorm(BuildingNumber,RoomNumber,maxCapacity,lockers,dormType, studyTable, chair, bedNumber) VALUES('307','149',4,4,'M',3,4,8)

INSERT INTO Dorm(BuildingNumber,RoomNumber,maxCapacity,lockers,dormType, studyTable, chair, bedNumber) VALUES('307','156',2,1,'M',3,4,8)
INSERT INTO Dorm(BuildingNumber,RoomNumber,maxCapacity,lockers,dormType, studyTable, chair, bedNumber) VALUES('307','157',2,2,'M',3,4,8)
INSERT INTO Dorm(BuildingNumber,RoomNumber,maxCapacity,lockers,dormType, studyTable, chair, bedNumber) VALUES('307','158',2,1,'M',3,4,8)
INSERT INTO Dorm(BuildingNumber,RoomNumber,maxCapacity,lockers,dormType, studyTable, chair, bedNumber) VALUES('307','159',2,2,'M',3,4,8)
INSERT INTO Dorm(BuildingNumber,RoomNumber,maxCapacity,lockers,dormType, studyTable, chair, bedNumber) VALUES('307','160',2,1,'M',3,4,8)


INSERT INTO Dorm(BuildingNumber,RoomNumber,maxCapacity,lockers,dormType, studyTable, chair, bedNumber) VALUES('308','100',8,7,'M',3,4,8);
INSERT INTO Dorm(BuildingNumber,RoomNumber,maxCapacity,lockers,dormType, studyTable, chair, bedNumber) VALUES('308','101',8,6,'M',3,4,8)
INSERT INTO Dorm(BuildingNumber,RoomNumber,maxCapacity,lockers,dormType, studyTable, chair, bedNumber) VALUES('308','102',8,5,'M',3,4,8)
INSERT INTO Dorm(BuildingNumber,RoomNumber,maxCapacity,lockers,dormType, studyTable, chair, bedNumber) VALUES('308','103',8,4,'M',3,4,8)
INSERT INTO Dorm(BuildingNumber,RoomNumber,maxCapacity,lockers,dormType, studyTable, chair, bedNumber) VALUES('308','104',8,3,'M',3,4,8)
INSERT INTO Dorm(BuildingNumber,RoomNumber,maxCapacity,lockers,dormType, studyTable, chair, bedNumber) VALUES('308','105',8,2,'M',3,4,8)
INSERT INTO Dorm(BuildingNumber,RoomNumber,maxCapacity,lockers,dormType, studyTable, chair, bedNumber) VALUES('308','106',8,1,'M',3,4,8)
INSERT INTO Dorm(BuildingNumber,RoomNumber,maxCapacity,lockers,dormType, studyTable, chair, bedNumber) VALUES('308','107',8,2,'M',3,4,8)
INSERT INTO Dorm(BuildingNumber,RoomNumber,maxCapacity,lockers,dormType, studyTable, chair, bedNumber) VALUES('308','108',8,3,'M',3,4,8)
INSERT INTO Dorm(BuildingNumber,RoomNumber,maxCapacity,lockers,dormType, studyTable, chair, bedNumber) VALUES('308','109',8,4,'M',3,4,8)
INSERT INTO Dorm(BuildingNumber,RoomNumber,maxCapacity,lockers,dormType, studyTable, chair, bedNumber) VALUES('308','110',8,5,'M',3,4,8)
INSERT INTO Dorm(BuildingNumber,RoomNumber,maxCapacity,lockers,dormType, studyTable, chair, bedNumber) VALUES('308','111',8,6,'M',3,4,8)
INSERT INTO Dorm(BuildingNumber,RoomNumber,maxCapacity,lockers,dormType, studyTable, chair, bedNumber) VALUES('308','112',8,7,'M',3,4,8)
INSERT INTO Dorm(BuildingNumber,RoomNumber,maxCapacity,lockers,dormType, studyTable, chair, bedNumber) VALUES('308','113',8,8,'M',3,4,8)
INSERT INTO Dorm(BuildingNumber,RoomNumber,maxCapacity,lockers,dormType, studyTable, chair, bedNumber) VALUES('308','114',8,7,'M',3,4,8)
INSERT INTO Dorm(BuildingNumber,RoomNumber,maxCapacity,lockers,dormType, studyTable, chair, bedNumber) VALUES('308','115',8,6,'M',3,4,8);
INSERT INTO Dorm(BuildingNumber,RoomNumber,maxCapacity,lockers,dormType, studyTable, chair, bedNumber) VALUES('308','116',8,5,'M',3,4,8)
INSERT INTO Dorm(BuildingNumber,RoomNumber,maxCapacity,lockers,dormType, studyTable, chair, bedNumber) VALUES('308','117',8,4,'M',3,4,8)
INSERT INTO Dorm(BuildingNumber,RoomNumber,maxCapacity,lockers,dormType, studyTable, chair, bedNumber) VALUES('308','118',8,3,'M',3,4,8)
INSERT INTO Dorm(BuildingNumber,RoomNumber,maxCapacity,lockers,dormType, studyTable, chair, bedNumber) VALUES('308','119',8,2,'M',3,4,8)
INSERT INTO Dorm(BuildingNumber,RoomNumber,maxCapacity,lockers,dormType, studyTable, chair, bedNumber) VALUES('308','120',8,1,'M',3,4,8)
INSERT INTO Dorm(BuildingNumber,RoomNumber,maxCapacity,lockers,dormType, studyTable, chair, bedNumber) VALUES('308','121',8,2,'M',3,4,8)
INSERT INTO Dorm(BuildingNumber,RoomNumber,maxCapacity,lockers,dormType, studyTable, chair, bedNumber) VALUES('308','122',8,3,'M',3,4,8)
INSERT INTO Dorm(BuildingNumber,RoomNumber,maxCapacity,lockers,dormType, studyTable, chair, bedNumber) VALUES('308','123',8,4,'M',3,4,8)
INSERT INTO Dorm(BuildingNumber,RoomNumber,maxCapacity,lockers,dormType, studyTable, chair, bedNumber) VALUES('308','124',8,5,'M',3,4,8)
INSERT INTO Dorm(BuildingNumber,RoomNumber,maxCapacity,lockers,dormType, studyTable, chair, bedNumber) VALUES('308','125',8,6,'M',3,4,8)
INSERT INTO Dorm(BuildingNumber,RoomNumber,maxCapacity,lockers,dormType, studyTable, chair, bedNumber) VALUES('308','126',8,7,'M',3,4,8)
INSERT INTO Dorm(BuildingNumber,RoomNumber,maxCapacity,lockers,dormType, studyTable, chair, bedNumber) VALUES('308','127',8,6,'M',3,4,8)
INSERT INTO Dorm(BuildingNumber,RoomNumber,maxCapacity,lockers,dormType, studyTable, chair, bedNumber) VALUES('308','128',8,5,'M',3,4,8)
INSERT INTO Dorm(BuildingNumber,RoomNumber,maxCapacity,lockers,dormType, studyTable, chair, bedNumber) VALUES('308','129',8,4,'M',3,4,8)


INSERT INTO Dorm(BuildingNumber,RoomNumber,maxCapacity,lockers,dormType, studyTable, chair, bedNumber) VALUES('308','140',4,1,'M',3,4,8)
INSERT INTO Dorm(BuildingNumber,RoomNumber,maxCapacity,lockers,dormType, studyTable, chair, bedNumber) VALUES('308','141',4,2,'M',3,4,8)
INSERT INTO Dorm(BuildingNumber,RoomNumber,maxCapacity,lockers,dormType, studyTable, chair, bedNumber) VALUES('308','142',4,3,'M',3,4,8)
INSERT INTO Dorm(BuildingNumber,RoomNumber,maxCapacity,lockers,dormType, studyTable, chair, bedNumber) VALUES('308','143',4,4,'M',3,4,8)
INSERT INTO Dorm(BuildingNumber,RoomNumber,maxCapacity,lockers,dormType, studyTable, chair, bedNumber) VALUES('308','144',4,3,'M',3,4,8)
INSERT INTO Dorm(BuildingNumber,RoomNumber,maxCapacity,lockers,dormType, studyTable, chair, bedNumber) VALUES('308','145',4,2,'M',3,4,8);
INSERT INTO Dorm(BuildingNumber,RoomNumber,maxCapacity,lockers,dormType, studyTable, chair, bedNumber) VALUES('308','146',4,1,'M',3,4,8)
INSERT INTO Dorm(BuildingNumber,RoomNumber,maxCapacity,lockers,dormType, studyTable, chair, bedNumber) VALUES('308','147',4,2,'M',3,4,8)
INSERT INTO Dorm(BuildingNumber,RoomNumber,maxCapacity,lockers,dormType, studyTable, chair, bedNumber) VALUES('308','148',4,3,'M',3,4,8)
INSERT INTO Dorm(BuildingNumber,RoomNumber,maxCapacity,lockers,dormType, studyTable, chair, bedNumber) VALUES('308','149',4,4,'M',3,4,8)
INSERT INTO Dorm(BuildingNumber,RoomNumber,maxCapacity,lockers,dormType, studyTable, chair, bedNumber) VALUES('308','150',4,3,'M',3,4,8)

INSERT INTO Dorm(BuildingNumber,RoomNumber,maxCapacity,lockers,dormType, studyTable, chair, bedNumber) VALUES('308','156',2,1,'M',3,4,8)
INSERT INTO Dorm(BuildingNumber,RoomNumber,maxCapacity,lockers,dormType, studyTable, chair, bedNumber) VALUES('308','157',2,2,'M',3,4,8)
INSERT INTO Dorm(BuildingNumber,RoomNumber,maxCapacity,lockers,dormType, studyTable, chair, bedNumber) VALUES('308','158',2,1,'M',3,4,8)
INSERT INTO Dorm(BuildingNumber,RoomNumber,maxCapacity,lockers,dormType, studyTable, chair, bedNumber) VALUES('308','159',2,2,'M',3,4,8)
INSERT INTO Dorm(BuildingNumber,RoomNumber,maxCapacity,lockers,dormType, studyTable, chair, bedNumber) VALUES('308','160',2,1,'M',3,4,8)


INSERT INTO Dorm(BuildingNumber,RoomNumber,maxCapacity,lockers,dormType, studyTable, chair, bedNumber) VALUES('408','100',8,7,'M',3,4,8);
INSERT INTO Dorm(BuildingNumber,RoomNumber,maxCapacity,lockers,dormType, studyTable, chair, bedNumber) VALUES('408','101',8,6,'M',3,4,8)
INSERT INTO Dorm(BuildingNumber,RoomNumber,maxCapacity,lockers,dormType, studyTable, chair, bedNumber) VALUES('408','102',8,5,'M',3,4,8)
INSERT INTO Dorm(BuildingNumber,RoomNumber,maxCapacity,lockers,dormType, studyTable, chair, bedNumber) VALUES('408','103',8,4,'M',3,4,8)
INSERT INTO Dorm(BuildingNumber,RoomNumber,maxCapacity,lockers,dormType, studyTable, chair, bedNumber) VALUES('408','104',8,3,'M',3,4,8)
INSERT INTO Dorm(BuildingNumber,RoomNumber,maxCapacity,lockers,dormType, studyTable, chair, bedNumber) VALUES('408','105',8,2,'M',3,4,8)
INSERT INTO Dorm(BuildingNumber,RoomNumber,maxCapacity,lockers,dormType, studyTable, chair, bedNumber) VALUES('408','106',8,1,'M',3,4,8)
INSERT INTO Dorm(BuildingNumber,RoomNumber,maxCapacity,lockers,dormType, studyTable, chair, bedNumber) VALUES('408','107',8,2,'M',3,4,8)
INSERT INTO Dorm(BuildingNumber,RoomNumber,maxCapacity,lockers,dormType, studyTable, chair, bedNumber) VALUES('408','108',8,3,'M',3,4,8)
INSERT INTO Dorm(BuildingNumber,RoomNumber,maxCapacity,lockers,dormType, studyTable, chair, bedNumber) VALUES('408','109',8,4,'M',3,4,8)
INSERT INTO Dorm(BuildingNumber,RoomNumber,maxCapacity,lockers,dormType, studyTable, chair, bedNumber) VALUES('408','110',8,5,'M',3,4,8)
INSERT INTO Dorm(BuildingNumber,RoomNumber,maxCapacity,lockers,dormType, studyTable, chair, bedNumber) VALUES('408','111',8,6,'M',3,4,8)
INSERT INTO Dorm(BuildingNumber,RoomNumber,maxCapacity,lockers,dormType, studyTable, chair, bedNumber) VALUES('408','112',8,7,'M',3,4,8)
INSERT INTO Dorm(BuildingNumber,RoomNumber,maxCapacity,lockers,dormType, studyTable, chair, bedNumber) VALUES('408','113',8,8,'M',3,4,8)
INSERT INTO Dorm(BuildingNumber,RoomNumber,maxCapacity,lockers,dormType, studyTable, chair, bedNumber) VALUES('408','114',8,7,'M',3,4,8)
INSERT INTO Dorm(BuildingNumber,RoomNumber,maxCapacity,lockers,dormType, studyTable, chair, bedNumber) VALUES('408','115',8,6,'M',3,4,8);
INSERT INTO Dorm(BuildingNumber,RoomNumber,maxCapacity,lockers,dormType, studyTable, chair, bedNumber) VALUES('408','116',8,5,'M',3,4,8)
INSERT INTO Dorm(BuildingNumber,RoomNumber,maxCapacity,lockers,dormType, studyTable, chair, bedNumber) VALUES('408','117',8,4,'M',3,4,8)
INSERT INTO Dorm(BuildingNumber,RoomNumber,maxCapacity,lockers,dormType, studyTable, chair, bedNumber) VALUES('408','118',8,3,'M',3,4,8)
INSERT INTO Dorm(BuildingNumber,RoomNumber,maxCapacity,lockers,dormType, studyTable, chair, bedNumber) VALUES('408','119',8,2,'M',3,4,8)
INSERT INTO Dorm(BuildingNumber,RoomNumber,maxCapacity,lockers,dormType, studyTable, chair, bedNumber) VALUES('408','120',8,1,'M',3,4,8)
INSERT INTO Dorm(BuildingNumber,RoomNumber,maxCapacity,lockers,dormType, studyTable, chair, bedNumber) VALUES('408','121',8,2,'M',3,4,8)
INSERT INTO Dorm(BuildingNumber,RoomNumber,maxCapacity,lockers,dormType, studyTable, chair, bedNumber) VALUES('408','122',8,3,'M',3,4,8)
INSERT INTO Dorm(BuildingNumber,RoomNumber,maxCapacity,lockers,dormType, studyTable, chair, bedNumber) VALUES('408','123',8,4,'M',3,4,8)
INSERT INTO Dorm(BuildingNumber,RoomNumber,maxCapacity,lockers,dormType, studyTable, chair, bedNumber) VALUES('408','124',8,5,'M',3,4,8)
INSERT INTO Dorm(BuildingNumber,RoomNumber,maxCapacity,lockers,dormType, studyTable, chair, bedNumber) VALUES('408','125',8,6,'M',3,4,8)
INSERT INTO Dorm(BuildingNumber,RoomNumber,maxCapacity,lockers,dormType, studyTable, chair, bedNumber) VALUES('408','126',8,7,'M',3,4,8)
INSERT INTO Dorm(BuildingNumber,RoomNumber,maxCapacity,lockers,dormType, studyTable, chair, bedNumber) VALUES('408','127',8,6,'M',3,4,8)
INSERT INTO Dorm(BuildingNumber,RoomNumber,maxCapacity,lockers,dormType, studyTable, chair, bedNumber) VALUES('408','128',8,5,'M',3,4,8)
INSERT INTO Dorm(BuildingNumber,RoomNumber,maxCapacity,lockers,dormType, studyTable, chair, bedNumber) VALUES('408','129',8,4,'M',3,4,8)
INSERT INTO Dorm(BuildingNumber,RoomNumber,maxCapacity,lockers,dormType, studyTable, chair, bedNumber) VALUES('408','130',8,3,'M',3,4,8);

INSERT INTO Dorm(BuildingNumber,RoomNumber,maxCapacity,lockers,dormType, studyTable, chair, bedNumber) VALUES('408','140',4,1,'M',3,4,8)
INSERT INTO Dorm(BuildingNumber,RoomNumber,maxCapacity,lockers,dormType, studyTable, chair, bedNumber) VALUES('408','141',4,2,'M',3,4,8)
INSERT INTO Dorm(BuildingNumber,RoomNumber,maxCapacity,lockers,dormType, studyTable, chair, bedNumber) VALUES('408','142',4,3,'M',3,4,8)
INSERT INTO Dorm(BuildingNumber,RoomNumber,maxCapacity,lockers,dormType, studyTable, chair, bedNumber) VALUES('408','143',4,4,'M',3,4,8)
INSERT INTO Dorm(BuildingNumber,RoomNumber,maxCapacity,lockers,dormType, studyTable, chair, bedNumber) VALUES('408','144',4,3,'M',3,4,8)
INSERT INTO Dorm(BuildingNumber,RoomNumber,maxCapacity,lockers,dormType, studyTable, chair, bedNumber) VALUES('408','145',4,2,'M',3,4,8);
INSERT INTO Dorm(BuildingNumber,RoomNumber,maxCapacity,lockers,dormType, studyTable, chair, bedNumber) VALUES('408','146',4,1,'M',3,4,8)
INSERT INTO Dorm(BuildingNumber,RoomNumber,maxCapacity,lockers,dormType, studyTable, chair, bedNumber) VALUES('408','147',4,2,'M',3,4,8)
INSERT INTO Dorm(BuildingNumber,RoomNumber,maxCapacity,lockers,dormType, studyTable, chair, bedNumber) VALUES('408','148',4,3,'M',3,4,8)
INSERT INTO Dorm(BuildingNumber,RoomNumber,maxCapacity,lockers,dormType, studyTable, chair, bedNumber) VALUES('408','149',4,4,'M',3,4,8)

INSERT INTO Dorm(BuildingNumber,RoomNumber,maxCapacity,lockers,dormType, studyTable, chair, bedNumber) VALUES('408','156',2,1,'M',3,4,8)
INSERT INTO Dorm(BuildingNumber,RoomNumber,maxCapacity,lockers,dormType, studyTable, chair, bedNumber) VALUES('408','157',2,2,'M',3,4,8)
INSERT INTO Dorm(BuildingNumber,RoomNumber,maxCapacity,lockers,dormType, studyTable, chair, bedNumber) VALUES('408','158',2,1,'M',3,4,8)
INSERT INTO Dorm(BuildingNumber,RoomNumber,maxCapacity,lockers,dormType, studyTable, chair, bedNumber) VALUES('408','159',2,2,'M',3,4,8)
INSERT INTO Dorm(BuildingNumber,RoomNumber,maxCapacity,lockers,dormType, studyTable, chair, bedNumber) VALUES('408','160',2,1,'M',3,4,8)


INSERT INTO Dorm(BuildingNumber,RoomNumber,maxCapacity,lockers,dormType, studyTable, chair, bedNumber) VALUES('407','100',8,7,'F',3,4,8);
INSERT INTO Dorm(BuildingNumber,RoomNumber,maxCapacity,lockers,dormType, studyTable, chair, bedNumber) VALUES('407','101',8,6,'F',3,4,8)
INSERT INTO Dorm(BuildingNumber,RoomNumber,maxCapacity,lockers,dormType, studyTable, chair, bedNumber) VALUES('407','102',8,5,'F',3,4,8)
INSERT INTO Dorm(BuildingNumber,RoomNumber,maxCapacity,lockers,dormType, studyTable, chair, bedNumber) VALUES('407','103',8,4,'F',3,4,8)
INSERT INTO Dorm(BuildingNumber,RoomNumber,maxCapacity,lockers,dormType, studyTable, chair, bedNumber) VALUES('407','104',8,3,'F',3,4,8)
INSERT INTO Dorm(BuildingNumber,RoomNumber,maxCapacity,lockers,dormType, studyTable, chair, bedNumber) VALUES('407','105',8,2,'F',3,4,8)
INSERT INTO Dorm(BuildingNumber,RoomNumber,maxCapacity,lockers,dormType, studyTable, chair, bedNumber) VALUES('407','106',8,1,'F',3,4,8)
INSERT INTO Dorm(BuildingNumber,RoomNumber,maxCapacity,lockers,dormType, studyTable, chair, bedNumber) VALUES('407','107',8,2,'F',3,4,8)
INSERT INTO Dorm(BuildingNumber,RoomNumber,maxCapacity,lockers,dormType, studyTable, chair, bedNumber) VALUES('407','108',8,3,'F',3,4,8)
INSERT INTO Dorm(BuildingNumber,RoomNumber,maxCapacity,lockers,dormType, studyTable, chair, bedNumber) VALUES('407','109',8,4,'F',3,4,8)
INSERT INTO Dorm(BuildingNumber,RoomNumber,maxCapacity,lockers,dormType, studyTable, chair, bedNumber) VALUES('407','110',8,5,'F',3,4,8)
INSERT INTO Dorm(BuildingNumber,RoomNumber,maxCapacity,lockers,dormType, studyTable, chair, bedNumber) VALUES('407','111',8,6,'F',3,4,8)
INSERT INTO Dorm(BuildingNumber,RoomNumber,maxCapacity,lockers,dormType, studyTable, chair, bedNumber) VALUES('407','112',8,7,'F',3,4,8)
INSERT INTO Dorm(BuildingNumber,RoomNumber,maxCapacity,lockers,dormType, studyTable, chair, bedNumber) VALUES('407','113',8,8,'F',3,4,8)
INSERT INTO Dorm(BuildingNumber,RoomNumber,maxCapacity,lockers,dormType, studyTable, chair, bedNumber) VALUES('407','114',8,7,'F',3,4,8)
INSERT INTO Dorm(BuildingNumber,RoomNumber,maxCapacity,lockers,dormType, studyTable, chair, bedNumber) VALUES('407','115',8,6,'F',3,4,8);
INSERT INTO Dorm(BuildingNumber,RoomNumber,maxCapacity,lockers,dormType, studyTable, chair, bedNumber) VALUES('407','116',8,5,'F',3,4,8)
INSERT INTO Dorm(BuildingNumber,RoomNumber,maxCapacity,lockers,dormType, studyTable, chair, bedNumber) VALUES('407','117',8,4,'F',3,4,8)
INSERT INTO Dorm(BuildingNumber,RoomNumber,maxCapacity,lockers,dormType, studyTable, chair, bedNumber) VALUES('407','118',8,3,'F',3,4,8)
INSERT INTO Dorm(BuildingNumber,RoomNumber,maxCapacity,lockers,dormType, studyTable, chair, bedNumber) VALUES('407','119',8,2,'F',3,4,8)
INSERT INTO Dorm(BuildingNumber,RoomNumber,maxCapacity,lockers,dormType, studyTable, chair, bedNumber) VALUES('407','120',8,1,'F',3,4,8)
INSERT INTO Dorm(BuildingNumber,RoomNumber,maxCapacity,lockers,dormType, studyTable, chair, bedNumber) VALUES('407','121',8,2,'F',3,4,8)
INSERT INTO Dorm(BuildingNumber,RoomNumber,maxCapacity,lockers,dormType, studyTable, chair, bedNumber) VALUES('407','122',8,3,'F',3,4,8)
INSERT INTO Dorm(BuildingNumber,RoomNumber,maxCapacity,lockers,dormType, studyTable, chair, bedNumber) VALUES('407','123',8,4,'F',3,4,8)
INSERT INTO Dorm(BuildingNumber,RoomNumber,maxCapacity,lockers,dormType, studyTable, chair, bedNumber) VALUES('407','124',8,5,'F',3,4,8)
INSERT INTO Dorm(BuildingNumber,RoomNumber,maxCapacity,lockers,dormType, studyTable, chair, bedNumber) VALUES('407','125',8,6,'F',3,4,8)
INSERT INTO Dorm(BuildingNumber,RoomNumber,maxCapacity,lockers,dormType, studyTable, chair, bedNumber) VALUES('407','126',8,7,'F',3,4,8)
INSERT INTO Dorm(BuildingNumber,RoomNumber,maxCapacity,lockers,dormType, studyTable, chair, bedNumber) VALUES('407','127',8,6,'F',3,4,8)
INSERT INTO Dorm(BuildingNumber,RoomNumber,maxCapacity,lockers,dormType, studyTable, chair, bedNumber) VALUES('407','128',8,5,'F',3,4,8)
INSERT INTO Dorm(BuildingNumber,RoomNumber,maxCapacity,lockers,dormType, studyTable, chair, bedNumber) VALUES('407','129',8,4,'F',3,4,8)


INSERT INTO Dorm(BuildingNumber,RoomNumber,maxCapacity,lockers,dormType, studyTable, chair, bedNumber) VALUES('407','140',4,1,'F',3,4,8)
INSERT INTO Dorm(BuildingNumber,RoomNumber,maxCapacity,lockers,dormType, studyTable, chair, bedNumber) VALUES('407','141',4,2,'F',3,4,8)
INSERT INTO Dorm(BuildingNumber,RoomNumber,maxCapacity,lockers,dormType, studyTable, chair, bedNumber) VALUES('407','142',4,3,'F',3,4,8)
INSERT INTO Dorm(BuildingNumber,RoomNumber,maxCapacity,lockers,dormType, studyTable, chair, bedNumber) VALUES('407','143',4,4,'F',3,4,8)
INSERT INTO Dorm(BuildingNumber,RoomNumber,maxCapacity,lockers,dormType, studyTable, chair, bedNumber) VALUES('407','144',4,3,'F',3,4,8)
INSERT INTO Dorm(BuildingNumber,RoomNumber,maxCapacity,lockers,dormType, studyTable, chair, bedNumber) VALUES('407','145',4,2,'F',3,4,8);
INSERT INTO Dorm(BuildingNumber,RoomNumber,maxCapacity,lockers,dormType, studyTable, chair, bedNumber) VALUES('407','146',4,1,'F',3,4,8)
INSERT INTO Dorm(BuildingNumber,RoomNumber,maxCapacity,lockers,dormType, studyTable, chair, bedNumber) VALUES('407','147',4,2,'F',3,4,8)
INSERT INTO Dorm(BuildingNumber,RoomNumber,maxCapacity,lockers,dormType, studyTable, chair, bedNumber) VALUES('407','148',4,3,'F',3,4,8)
INSERT INTO Dorm(BuildingNumber,RoomNumber,maxCapacity,lockers,dormType, studyTable, chair, bedNumber) VALUES('407','149',4,4,'F',3,4,8)
INSERT INTO Dorm(BuildingNumber,RoomNumber,maxCapacity,lockers,dormType, studyTable, chair, bedNumber) VALUES('407','150',4,3,'F',3,4,8)

INSERT INTO Dorm(BuildingNumber,RoomNumber,maxCapacity,lockers,dormType, studyTable, chair, bedNumber) VALUES('407','156',2,1,'F',3,4,8)
INSERT INTO Dorm(BuildingNumber,RoomNumber,maxCapacity,lockers,dormType, studyTable, chair, bedNumber) VALUES('407','157',2,2,'F',3,4,8)
INSERT INTO Dorm(BuildingNumber,RoomNumber,maxCapacity,lockers,dormType, studyTable, chair, bedNumber) VALUES('407','158',2,1,'F',3,4,8)
INSERT INTO Dorm(BuildingNumber,RoomNumber,maxCapacity,lockers,dormType, studyTable, chair, bedNumber) VALUES('407','159',2,2,'F',3,4,8)
INSERT INTO Dorm(BuildingNumber,RoomNumber,maxCapacity,lockers,dormType, studyTable, chair, bedNumber) VALUES('407','160',2,1,'F',3,4,8)


INSERT INTO Dorm(BuildingNumber,RoomNumber,maxCapacity,lockers,dormType, studyTable, chair, bedNumber) VALUES('406','100',8,7,'F',3,4,8);
INSERT INTO Dorm(BuildingNumber,RoomNumber,maxCapacity,lockers,dormType, studyTable, chair, bedNumber) VALUES('406','101',8,6,'F',3,4,8)
INSERT INTO Dorm(BuildingNumber,RoomNumber,maxCapacity,lockers,dormType, studyTable, chair, bedNumber) VALUES('406','102',8,5,'F',3,4,8)
INSERT INTO Dorm(BuildingNumber,RoomNumber,maxCapacity,lockers,dormType, studyTable, chair, bedNumber) VALUES('406','103',8,4,'F',3,4,8)
INSERT INTO Dorm(BuildingNumber,RoomNumber,maxCapacity,lockers,dormType, studyTable, chair, bedNumber) VALUES('406','104',8,3,'F',3,4,8)
INSERT INTO Dorm(BuildingNumber,RoomNumber,maxCapacity,lockers,dormType, studyTable, chair, bedNumber) VALUES('406','105',8,2,'F',3,4,8)
INSERT INTO Dorm(BuildingNumber,RoomNumber,maxCapacity,lockers,dormType, studyTable, chair, bedNumber) VALUES('406','106',8,1,'F',3,4,8)
INSERT INTO Dorm(BuildingNumber,RoomNumber,maxCapacity,lockers,dormType, studyTable, chair, bedNumber) VALUES('406','107',8,2,'F',3,4,8)
INSERT INTO Dorm(BuildingNumber,RoomNumber,maxCapacity,lockers,dormType, studyTable, chair, bedNumber) VALUES('406','108',8,3,'F',3,4,8)
INSERT INTO Dorm(BuildingNumber,RoomNumber,maxCapacity,lockers,dormType, studyTable, chair, bedNumber) VALUES('406','109',8,4,'F',3,4,8)
INSERT INTO Dorm(BuildingNumber,RoomNumber,maxCapacity,lockers,dormType, studyTable, chair, bedNumber) VALUES('406','110',8,5,'F',3,4,8)
INSERT INTO Dorm(BuildingNumber,RoomNumber,maxCapacity,lockers,dormType, studyTable, chair, bedNumber) VALUES('406','111',8,6,'F',3,4,8)
INSERT INTO Dorm(BuildingNumber,RoomNumber,maxCapacity,lockers,dormType, studyTable, chair, bedNumber) VALUES('406','112',8,7,'F',3,4,8)
INSERT INTO Dorm(BuildingNumber,RoomNumber,maxCapacity,lockers,dormType, studyTable, chair, bedNumber) VALUES('406','113',8,8,'F',3,4,8)
INSERT INTO Dorm(BuildingNumber,RoomNumber,maxCapacity,lockers,dormType, studyTable, chair, bedNumber) VALUES('406','114',8,7,'F',3,4,8)
INSERT INTO Dorm(BuildingNumber,RoomNumber,maxCapacity,lockers,dormType, studyTable, chair, bedNumber) VALUES('406','115',8,6,'F',3,4,8);
INSERT INTO Dorm(BuildingNumber,RoomNumber,maxCapacity,lockers,dormType, studyTable, chair, bedNumber) VALUES('406','116',8,5,'F',3,4,8)
INSERT INTO Dorm(BuildingNumber,RoomNumber,maxCapacity,lockers,dormType, studyTable, chair, bedNumber) VALUES('406','117',8,4,'F',3,4,8)
INSERT INTO Dorm(BuildingNumber,RoomNumber,maxCapacity,lockers,dormType, studyTable, chair, bedNumber) VALUES('406','118',8,3,'F',3,4,8)
INSERT INTO Dorm(BuildingNumber,RoomNumber,maxCapacity,lockers,dormType, studyTable, chair, bedNumber) VALUES('406','119',8,2,'F',3,4,8)
INSERT INTO Dorm(BuildingNumber,RoomNumber,maxCapacity,lockers,dormType, studyTable, chair, bedNumber) VALUES('406','120',8,1,'F',3,4,8)
INSERT INTO Dorm(BuildingNumber,RoomNumber,maxCapacity,lockers,dormType, studyTable, chair, bedNumber) VALUES('406','121',8,2,'F',3,4,8)
INSERT INTO Dorm(BuildingNumber,RoomNumber,maxCapacity,lockers,dormType, studyTable, chair, bedNumber) VALUES('406','122',8,3,'F',3,4,8)
INSERT INTO Dorm(BuildingNumber,RoomNumber,maxCapacity,lockers,dormType, studyTable, chair, bedNumber) VALUES('406','123',8,4,'F',3,4,8)
INSERT INTO Dorm(BuildingNumber,RoomNumber,maxCapacity,lockers,dormType, studyTable, chair, bedNumber) VALUES('406','124',8,5,'F',3,4,8)
INSERT INTO Dorm(BuildingNumber,RoomNumber,maxCapacity,lockers,dormType, studyTable, chair, bedNumber) VALUES('406','125',8,6,'F',3,4,8)
INSERT INTO Dorm(BuildingNumber,RoomNumber,maxCapacity,lockers,dormType, studyTable, chair, bedNumber) VALUES('406','126',8,7,'F',3,4,8)
INSERT INTO Dorm(BuildingNumber,RoomNumber,maxCapacity,lockers,dormType, studyTable, chair, bedNumber) VALUES('406','127',8,6,'F',3,4,8)
INSERT INTO Dorm(BuildingNumber,RoomNumber,maxCapacity,lockers,dormType, studyTable, chair, bedNumber) VALUES('406','128',8,5,'F',3,4,8)
INSERT INTO Dorm(BuildingNumber,RoomNumber,maxCapacity,lockers,dormType, studyTable, chair, bedNumber) VALUES('406','129',8,4,'F',3,4,8)
INSERT INTO Dorm(BuildingNumber,RoomNumber,maxCapacity,lockers,dormType, studyTable, chair, bedNumber) VALUES('406','130',8,3,'F',3,4,8);


INSERT INTO Dorm(BuildingNumber,RoomNumber,maxCapacity,lockers,dormType, studyTable, chair, bedNumber) VALUES('406','140',4,1,'F',3,4,8)
INSERT INTO Dorm(BuildingNumber,RoomNumber,maxCapacity,lockers,dormType, studyTable, chair, bedNumber) VALUES('406','141',4,2,'F',3,4,8)
INSERT INTO Dorm(BuildingNumber,RoomNumber,maxCapacity,lockers,dormType, studyTable, chair, bedNumber) VALUES('406','142',4,3,'F',3,4,8)
INSERT INTO Dorm(BuildingNumber,RoomNumber,maxCapacity,lockers,dormType, studyTable, chair, bedNumber) VALUES('406','143',4,4,'F',3,4,8)
INSERT INTO Dorm(BuildingNumber,RoomNumber,maxCapacity,lockers,dormType, studyTable, chair, bedNumber) VALUES('406','144',4,3,'F',3,4,8)
INSERT INTO Dorm(BuildingNumber,RoomNumber,maxCapacity,lockers,dormType, studyTable, chair, bedNumber) VALUES('406','145',4,2,'F',3,4,8);
INSERT INTO Dorm(BuildingNumber,RoomNumber,maxCapacity,lockers,dormType, studyTable, chair, bedNumber) VALUES('406','146',4,1,'F',3,4,8)
INSERT INTO Dorm(BuildingNumber,RoomNumber,maxCapacity,lockers,dormType, studyTable, chair, bedNumber) VALUES('406','147',4,2,'F',3,4,8)
INSERT INTO Dorm(BuildingNumber,RoomNumber,maxCapacity,lockers,dormType, studyTable, chair, bedNumber) VALUES('406','148',4,3,'F',3,4,8)
INSERT INTO Dorm(BuildingNumber,RoomNumber,maxCapacity,lockers,dormType, studyTable, chair, bedNumber) VALUES('406','149',4,4,'F',3,4,8)
INSERT INTO Dorm(BuildingNumber,RoomNumber,maxCapacity,lockers,dormType, studyTable, chair, bedNumber) VALUES('406','150',4,3,'F',3,4,8)

INSERT INTO Dorm(BuildingNumber,RoomNumber,maxCapacity,lockers,dormType, studyTable, chair, bedNumber) VALUES('406','156',2,1,'F',3,4,8)
INSERT INTO Dorm(BuildingNumber,RoomNumber,maxCapacity,lockers,dormType, studyTable, chair, bedNumber) VALUES('406','157',2,2,'F',3,4,8)
INSERT INTO Dorm(BuildingNumber,RoomNumber,maxCapacity,lockers,dormType, studyTable, chair, bedNumber) VALUES('406','158',2,1,'F',3,4,8)
INSERT INTO Dorm(BuildingNumber,RoomNumber,maxCapacity,lockers,dormType, studyTable, chair, bedNumber) VALUES('406','159',2,2,'F',3,4,8)
INSERT INTO Dorm(BuildingNumber,RoomNumber,maxCapacity,lockers,dormType, studyTable, chair, bedNumber) VALUES('406','160',2,1,'F',3,4,8)

-- Student query

INSERT INTO Student(SID,Fname,Lname,password,year,place,Gender,pillow,BedBase,Matress,isEligible,Department) 
VALUES('UGR/0018/13','Teddy','Surafel','pass123',1,'Addis Ababa','M',0,0,0,1,'Computer Science');
INSERT INTO Student(SID,Fname,Lname,password,year,place,Gender,pillow,BedBase,Matress,isEligible,Department) 
VALUES('UGR/0019/13','Saron','Siraj','pass123',2,'Gondar','F',0,0,0,1,'Biology');
INSERT INTO Student(SID,Fname,Lname,password,year,place,Gender,pillow,BedBase,Matress,isEligible,Department) 
VALUES('UGR/0020/13','Dawit','Solomon','pass123',3,'Addis Ababa','M',0,0,0,1,'Chemistry');
INSERT INTO Student(SID,Fname,Lname,password,year,place,Gender,pillow,BedBase,Matress,isEligible,Department) 
VALUES('UGR/0021/13','Hermela','Shimelis','pass123',4,'Sodo','F',0,0,0,0,'Statistics');
INSERT INTO Student(SID,Fname,Lname,password,year,place,Gender,pillow,BedBase,Matress,isEligible,Department) 
VALUES('UGR/0022/13','Dagim','Sintayehu','pass123',3,'Addis Ababa','M',0,0,0,1,'Maths');
INSERT INTO Student(SID,Fname,Lname,password,year,place,Gender,pillow,BedBase,Matress,isEligible,Department) 
VALUES('UGR/0023/13','Nebi','Tesfaye','pass123',2,'Addis Ababa','F',0,0,0,1,'Physics');
INSERT INTO Student(SID,Fname,Lname,password,year,place,Gender,pillow,BedBase,Matress,isEligible,Department) 
VALUES('UGR/0024/13','Hailemariam','Theodros','pass123',1,'Sodo','M',0,0,0,1,'Computer Science');
INSERT INTO Student(SID,Fname,Lname,password,year,place,Gender,pillow,BedBase,Matress,isEligible,Department) 
VALUES('UGR/0025/13','Beimnet','Temesgen','pass123',2,'Addis Ababa','F',0,0,0,0,'Biology');
INSERT INTO Student(SID,Fname,Lname,password,year,place,Gender,pillow,BedBase,Matress,isEligible,Department) 
VALUES('UGR/0026/13','Solomon','Tedla','pass123',3,'Gondar','M',0,0,0,1,'Chemistry');
INSERT INTO Student(SID,Fname,Lname,password,year,place,Gender,pillow,BedBase,Matress,isEligible,Department) 
VALUES('UGR/0027/13','Anna','Tesema','pass123',4,'Addis Ababa','F',0,0,0,1,'Computer Science');
INSERT INTO Student(SID,Fname,Lname,password,year,place,Gender,pillow,BedBase,Matress,isEligible,Department) 
VALUES('UGR/0028/13','Habtamu','Tefera','pass123',3,'Addis Ababa','M',0,0,0,1,'Computer Science');
INSERT INTO Student(SID,Fname,Lname,password,year,place,Gender,pillow,BedBase,Matress,isEligible,Department) 
VALUES('UGR/0029/13','Bitania','Teferri','pass123',2,'Sodo','F',0,0,0,0,'Computer Science');
INSERT INTO Student(SID,Fname,Lname,password,year,place,Gender,pillow,BedBase,Matress,isEligible,Department) 
VALUES('UGR/0030/13','Nebiyu','Tekeste','pass123',1,'Addis Ababa','M',0,0,0,1,'Computer Science');
INSERT INTO Student(SID,Fname,Lname,password,year,place,Gender,pillow,BedBase,Matress,isEligible,Department) 
VALUES('UGR/0031/13','Tarik','Zewdu','pass123',2,'Addis Ababa','F',0,0,0,1,'Biology');
INSERT INTO Student(SID,Fname,Lname,password,year,place,Gender,pillow,BedBase,Matress,isEligible,Department) 
VALUES('UGR/0032/13','Amanueal','Zerihun','pass123',3,'Addis Ababa','M',0,0,0,1,'Chemistry');
INSERT INTO Student(SID,Fname,Lname,password,year,place,Gender,pillow,BedBase,Matress,isEligible,Department) 
VALUES('UGR/0033/13','Beza','Zeleke','pass123',4,'Addis Ababa','F',0,0,0,0,'Computer Science');
INSERT INTO Student(SID,Fname,Lname,password,year,place,Gender,pillow,BedBase,Matress,isEligible,Department) 
VALUES('UGR/0034/13','Natnael','Zelalem','pass123',3,'Sodo','M',0,0,0,1,'Physics');
INSERT INTO Student(SID,Fname,Lname,password,year,place,Gender,pillow,BedBase,Matress,isEligible,Department) 
VALUES('UGR/0035/13','Fikir','Zekarias','pass123',2,'Gondar','F',0,0,0,1,'Computer Science');
INSERT INTO Student(SID,Fname,Lname,password,year,place,Gender,pillow,BedBase,Matress,isEligible,Department) 
VALUES('UGR/0036/13','Zerihun','Yosef','pass123',1,'Harar','M',0,0,0,1,'Computer Science');
INSERT INTO Student(SID,Fname,Lname,password,year,place,Gender,pillow,BedBase,Matress,isEligible,Department) 
VALUES('UGR/0037/13','Naomi','Yonas','pass123',2,'Addis Ababa','F',0,0,0,0,'Biology');
INSERT INTO Student(SID,Fname,Lname,password,year,place,Gender,pillow,BedBase,Matress,isEligible,Department) 
VALUES('UGR/0038/13','Amir','Yitbarek','pass123',3,'Addis Ababa','M',0,0,0,1,'Chemistry');
INSERT INTO Student(SID,Fname,Lname,password,year,place,Gender,pillow,BedBase,Matress,isEligible,Department) 
VALUES('UGR/0039/13','Eman','Yelekal','pass123',4,'Addis Ababa','F',0,0,0,1,'Computer Science');
INSERT INTO Student(SID,Fname,Lname,password,year,place,Gender,pillow,BedBase,Matress,isEligible,Department) 
VALUES('UGR/0040/13','Zelalem','Yakob','pass123',3,'Gondar','M',0,0,0,1,'Computer Science');
INSERT INTO Student(SID,Fname,Lname,password,year,place,Gender,pillow,BedBase,Matress,isEligible,Department) 
VALUES('UGR/0041/13','Grace','Yafet','pass123',2,'Bahir Dar','F',0,0,0,0,'Computer Science');
INSERT INTO Student(SID,Fname,Lname,password,year,place,Gender,pillow,BedBase,Matress,isEligible,Department) 
VALUES('UGR/0042/13','Teklemariam','Wuhib','pass123',1,'Addis Ababa','M',0,0,0,1,'Computer Science');
INSERT INTO Student(SID,Fname,Lname,password,year,place,Gender,pillow,BedBase,Matress,isEligible,Department) 
VALUES('UGR/0043/13','Heliyam','Worku','pass123',2,'Harar','F',0,0,0,1,'Biology');
INSERT INTO Student(SID,Fname,Lname,password,year,place,Gender,pillow,BedBase,Matress,isEligible,Department) 
VALUES('UGR/0044/13','Mikias','Wondwosen','pass123',3,'Addis Ababa','M',0,0,0,1,'Chemistry');
INSERT INTO Student(SID,Fname,Lname,password,year,place,Gender,pillow,BedBase,Matress,isEligible,Department) 
VALUES('UGR/0045/13','Ruth','Tsegaye','pass123',4,'Bahir Dar','F',0,0,0,0,'Computer Science');
INSERT INTO Student(SID,Fname,Lname,password,year,place,Gender,pillow,BedBase,Matress,isEligible,Department) 
VALUES('UGR/0046/13','Abdi','Tibebu','pass123',3,'Addis Ababa','M',0,0,0,1,'Computer Science');
INSERT INTO Student(SID,Fname,Lname,password,year,place,Gender,pillow,BedBase,Matress,isEligible,Department) 
VALUES('UGR/0047/13','Hawi','Teferri','pass123',2,'Gondar','F',0,0,0,1,'Computer Science');
INSERT INTO Student(SID,Fname,Lname,password,year,place,Gender,pillow,BedBase,Matress,isEligible,Department) 
VALUES('UGR/0048/13','Abubeker','Taye','pass123',1,'Harar','M',0,0,0,1,'Computer Science');
INSERT INTO Student(SID,Fname,Lname,password,year,place,Gender,pillow,BedBase,Matress,isEligible,Department) 
VALUES('UGR/0049/13','Hilina','Tadele','pass123',2,'Addis Ababa','F',0,0,0,0,'Biology');
INSERT INTO Student(SID,Fname,Lname,password,year,place,Gender,pillow,BedBase,Matress,isEligible,Department) 
VALUES('UGR/0050/13','Yergalem','Sebsebe','pass123',3,'Gondar','M',0,0,0,1,'Chemistry');
INSERT INTO Student(SID,Fname,Lname,password,year,place,Gender,pillow,BedBase,Matress,isEligible,Department) 
VALUES('UGR/0051/13','Selina','Seid','pass123',4,'Bahir Dar','F',0,0,0,1,'Computer Science');
INSERT INTO Student(SID,Fname,Lname,password,year,place,Gender,pillow,BedBase,Matress,isEligible,Department) 
VALUES('UGR/0052/13','Tesfaye','Sebsebe','pass123',3,'Addis Ababa','M',0,0,0,1,'Statistics');
INSERT INTO Student(SID,Fname,Lname,password,year,place,Gender,pillow,BedBase,Matress,isEligible,Department) 
VALUES('UGR/0053/13','Yannet','Rediet','pass123',2,'Harar','F',0,0,0,0,'Computer Science');
INSERT INTO Student(SID,Fname,Lname,password,year,place,Gender,pillow,BedBase,Matress,isEligible,Department) 
VALUES('UGR/0054/13','Yared','Samson','pass123',1,'Addis Ababa','M',0,0,0,1,'Physics');
INSERT INTO Student(SID,Fname,Lname,password,year,place,Gender,pillow,BedBase,Matress,isEligible,Department) 
VALUES('UGR/0055/13','Biftu','Nolawi','pass123',2,'Bahir Dar','F',0,0,0,1,'Biology');
INSERT INTO Student(SID,Fname,Lname,password,year,place,Gender,pillow,BedBase,Matress,isEligible,Department) 
VALUES('UGR/0056/13','Ashenafi','Nega','pass123',3,'Harar','M',0,0,0,1,'Chemistry');
INSERT INTO Student(SID,Fname,Lname,password,year,place,Gender,pillow,BedBase,Matress,isEligible,Department) 
VALUES('UGR/0057/13','Selamawit','Molalign','pass123',4,'Gondar','F',0,0,0,0,'Computer Science');
INSERT INTO Student(SID,Fname,Lname,password,year,place,Gender,pillow,BedBase,Matress,isEligible,Department) 
VALUES('UGR/0058/13','Yitbarek','Mohammed','pass123',3,'Addis Ababa','M',0,0,0,1,'Statistics');
INSERT INTO Student(SID,Fname,Lname,password,year,place,Gender,pillow,BedBase,Matress,isEligible,Department) 
VALUES('UGR/0059/13','Etsub','Moges','pass123',2,'Debre Birhan','F',0,0,0,1,'Computer Science');
INSERT INTO Student(SID,Fname,Lname,password,year,place,Gender,pillow,BedBase,Matress,isEligible,Department) 
VALUES('UGR/0060/13','Elias','Million','pass123',1,'Ambo','M',0,0,0,1,'Computer Science');

INSERT INTO Student(SID,Fname,Lname,password,year,place,Gender,pillow,BedBase,Matress,isEligible,Department) 
VALUES('UGR/0010/14','kidist','Mekonnen','pass123',2,'Debre Birhan','F',0,0,0,0,'Biology');
INSERT INTO Student(SID,Fname,Lname,password,year,place,Gender,pillow,BedBase,Matress,isEligible,Department) 
VALUES('UGR/0011/14','Bereket','Medhin','pass123',3,'Debre Birhan','M',0,0,0,1,'Chemistry');
INSERT INTO Student(SID,Fname,Lname,password,year,place,Gender,pillow,BedBase,Matress,isEligible,Department) 
VALUES('UGR/0012/14','Wongelawit','Markos','pass123',4,'Burayu','F',0,0,0,1,'Computer Science');
INSERT INTO Student(SID,Fname,Lname,password,year,place,Gender,pillow,BedBase,Matress,isEligible,Department) 
VALUES('UGR/0013/14','Biniyam','Mamo','pass123',3,'Addis Ababa','M',0,0,0,1,'Physics');
INSERT INTO Student(SID,Fname,Lname,password,year,place,Gender,pillow,BedBase,Matress,isEligible,Department) 
VALUES('UGR/0014/14','Deka','Lemma','pass123',2,'Bahir Dar','F',0,0,0,0,'Computer Science');
INSERT INTO Student(SID,Fname,Lname,password,year,place,Gender,pillow,BedBase,Matress,isEligible,Department) 
VALUES('UGR/0015/14','Hellomrn','Ketema','pass123',1,'Gondar','M',0,0,0,1,'Computer Science');
INSERT INTO Student(SID,Fname,Lname,password,year,place,Gender,pillow,BedBase,Matress,isEligible,Department) 
VALUES('UGR/0016/14','Seada','Khalid','pass123',2,'Addis Ababa','F',0,0,0,1,'Biology');
INSERT INTO Student(SID,Fname,Lname,password,year,place,Gender,pillow,BedBase,Matress,isEligible,Department) 
VALUES('UGR/0017/14','Samuel','Kebede','pass123',3,'Debre Birhan','M',0,0,0,1,'Chemistry');
INSERT INTO Student(SID,Fname,Lname,password,year,place,Gender,pillow,BedBase,Matress,isEligible,Department) 
VALUES('UGR/0018/14','Meron','Kagnew','pass123',4,'Gondar','F',0,0,0,0,'Computer Science');
INSERT INTO Student(SID,Fname,Lname,password,year,place,Gender,pillow,BedBase,Matress,isEligible,Department) 
VALUES('UGR/0019/14','Aklilu','Husein','pass123',3,'Bahir Dar','M',0,0,0,1,'Computer Science');
INSERT INTO Student(SID,Fname,Lname,password,year,place,Gender,pillow,BedBase,Matress,isEligible,Department) 
VALUES('UGR/0020/14','Samrawit','Haile','pass123',2,'Addis Ababa','F',0,0,0,1,'Computer Science');
INSERT INTO Student(SID,Fname,Lname,password,year,place,Gender,pillow,BedBase,Matress,isEligible,Department) 
VALUES('UGR/0021/14','Endale','Gosaye','pass123',1,'Debre Birhan','M',0,0,0,1,'Statistics');
INSERT INTO Student(SID,Fname,Lname,password,year,place,Gender,pillow,BedBase,Matress,isEligible,Department) 
VALUES('UGR/0022/14','Firehiwot','Girmachew','pass123',2,'Gondar','F',0,0,0,0,'Biology');
INSERT INTO Student(SID,Fname,Lname,password,year,place,Gender,pillow,BedBase,Matress,isEligible,Department) 
VALUES('UGR/0023/14','Worku','Getachew','pass123',3,'Addis Ababa','M',0,0,0,1,'Chemistry');
INSERT INTO Student(SID,Fname,Lname,password,year,place,Gender,pillow,BedBase,Matress,isEligible,Department) 
VALUES('UGR/0024/14','Betelhem','Gashaw','pass123',4,'Bahir Dar','F',0,0,0,1,'Computer Science');
INSERT INTO Student(SID,Fname,Lname,password,year,place,Gender,pillow,BedBase,Matress,isEligible,Department) 
VALUES('UGR/0025/14','Eyasu ','Fistum','pass123',3,'Gondar','M',0,0,0,1,'Statistics');
INSERT INTO Student(SID,Fname,Lname,password,year,place,Gender,pillow,BedBase,Matress,isEligible,Department) 
VALUES('UGR/0026/14','Hannah','Fikru','pass123',2,'Arsi Negele','F',0,0,0,0,'Computer Science');
INSERT INTO Student(SID,Fname,Lname,password,year,place,Gender,pillow,BedBase,Matress,isEligible,Department) 
VALUES('UGR/0027/14','Mulugeta','Fikadu','pass123',1,'Butajira','M',0,0,0,1,'Computer Science');
INSERT INTO Student(SID,Fname,Lname,password,year,place,Gender,pillow,BedBase,Matress,isEligible,Department) 
VALUES('UGR/0028/14','Soliyana','Ezana','pass123',2,'Gondar','F',0,0,0,1,'Biology');
INSERT INTO Student(SID,Fname,Lname,password,year,place,Gender,pillow,BedBase,Matress,isEligible,Department) 
VALUES('UGR/0029/14','Sultan','Fedlu','pass123',3,'Addis Ababa','M',0,0,0,1,'Chemistry');
INSERT INTO Student(SID,Fname,Lname,password,year,place,Gender,pillow,BedBase,Matress,isEligible,Department) 
VALUES('UGR/0030/14','Eyerusalem','Eyasu','pass123',4,'Welkite','F',0,0,0,0,'Computer Science');
INSERT INTO Student(SID,Fname,Lname,password,year,place,Gender,pillow,BedBase,Matress,isEligible,Department) 
VALUES('UGR/0031/14','Endris','Eshete','pass123',3,'Gode','M',0,0,0,1,'Physics');
INSERT INTO Student(SID,Fname,Lname,password,year,place,Gender,pillow,BedBase,Matress,isEligible,Department) 
VALUES('UGR/0032/14','Etsegenet','Endalkachew','pass123',2,'Gondar','F',0,0,0,1,'Computer Science');
INSERT INTO Student(SID,Fname,Lname,password,year,place,Gender,pillow,BedBase,Matress,isEligible,Department) 
VALUES('UGR/0033/14','Henok','Efrem','pass123',1,'Addis Ababa','M',0,0,0,1,'Statistics');
INSERT INTO Student(SID,Fname,Lname,password,year,place,Gender,pillow,BedBase,Matress,isEligible,Department) 
VALUES('UGR/0034/14','Eskedar','Dilnesaw','pass123',2,'Gondar','F',0,0,0,0,'Biology');
INSERT INTO Student(SID,Fname,Lname,password,year,place,Gender,pillow,BedBase,Matress,isEligible,Department) 
VALUES('UGR/0035/14','Tilahun','Desalegn','pass123',3,'Bahir Dar','M',0,0,0,1,'Chemistry');
INSERT INTO Student(SID,Fname,Lname,password,year,place,Gender,pillow,BedBase,Matress,isEligible,Department) 
VALUES('UGR/0036/14','Elshaday','Demissie','pass123',4,'Chiro','F',0,0,0,1,'Computer Science');
INSERT INTO Student(SID,Fname,Lname,password,year,place,Gender,pillow,BedBase,Matress,isEligible,Department) 
VALUES('UGR/0037/14','Assefa','Demeke','pass123',3,'Gimbi','M',0,0,0,1,'Physics');
INSERT INTO Student(SID,Fname,Lname,password,year,place,Gender,pillow,BedBase,Matress,isEligible,Department) 
VALUES('UGR/0038/14','Dinknesh','Debebe','pass123',2,'Assosa','F',0,0,0,0,'Computer Science');
INSERT INTO Student(SID,Fname,Lname,password,year,place,Gender,pillow,BedBase,Matress,isEligible,Department) 
VALUES('UGR/0039/14','Abdurahman','Ararso','pass123',1,'Degehabur','M',0,0,0,1,'Computer Science');
INSERT INTO Student(SID,Fname,Lname,password,year,place,Gender,pillow,BedBase,Matress,isEligible,Department) 
VALUES('UGR/0040/14','Debritu','Chanyalew','pass123',2,'Bahir Dar','F',0,0,0,1,'Biology');
INSERT INTO Student(SID,Fname,Lname,password,year,place,Gender,pillow,BedBase,Matress,isEligible,Department) 
VALUES('UGR/0041/14','Adoniyas','Cherenet','pass123',3,'Addis Ababa','M',0,0,0,1,'Chemistry');
INSERT INTO Student(SID,Fname,Lname,password,year,place,Gender,pillow,BedBase,Matress,isEligible,Department) 
VALUES('UGR/0042/14','Birtukan','Berhanu','pass123',4,'Gondar','F',0,0,0,0,'Maths');
INSERT INTO Student(SID,Fname,Lname,password,year,place,Gender,pillow,BedBase,Matress,isEligible,Department) 
VALUES('UGR/0043/14','Yohannes','Belete','pass123',3,'Addis Ababa','M',0,0,0,1,'Computer Science');
INSERT INTO Student(SID,Fname,Lname,password,year,place,Gender,pillow,BedBase,Matress,isEligible,Department) 
VALUES('UGR/0044/14','Bilen','Belay','pass123',2,'Mojo','F',0,0,0,1,'Maths');
INSERT INTO Student(SID,Fname,Lname,password,year,place,Gender,pillow,BedBase,Matress,isEligible,Department) 
VALUES('UGR/0045/14','Sintayehu','Bekila','pass123',1,'Bahir Dar','M',0,0,0,1,'Computer Science');
INSERT INTO Student(SID,Fname,Lname,password,year,place,Gender,pillow,BedBase,Matress,isEligible,Department) 
VALUES('UGR/0046/14','Betsega','Bahiru','pass123',2,'Addis Ababa','F',0,0,0,0,'Biology');
INSERT INTO Student(SID,Fname,Lname,password,year,place,Gender,pillow,BedBase,Matress,isEligible,Department) 
VALUES('UGR/0047/14','Tsegaye','Alebachew','pass123',3,'Gondar','M',0,0,0,1,'Computer Science');
INSERT INTO Student(SID,Fname,Lname,password,year,place,Gender,pillow,BedBase,Matress,isEligible,Department) 
VALUES('UGR/0048/14','Beletu','Adugna','pass123',4,'Asella','F',0,0,0,1,'Maths');
INSERT INTO Student(SID,Fname,Lname,password,year,place,Gender,pillow,BedBase,Matress,isEligible,Department) 
VALUES('UGR/0049/14','Mohammad','Abubeker','pass123',3,'Addis Ababa','M',0,0,0,1,'Computer Science');
INSERT INTO Student(SID,Fname,Lname,password,year,place,Gender,pillow,BedBase,Matress,isEligible,Department) 
VALUES('UGR/0050/14','Amelework','Abiy','pass123',2,'Asella','F',0,0,0,0,'Physics');
INSERT INTO Student(SID,Fname,Lname,password,year,place,Gender,pillow,BedBase,Matress,isEligible,Department) 
VALUES('UGR/0051/14','Amsalu','Mujahid','pass123',1,'Addis Ababa','M',0,0,0,1,'Computer Science');
INSERT INTO Student(SID,Fname,Lname,password,year,place,Gender,pillow,BedBase,Matress,isEligible,Department) 
VALUES('UGR/0052/14','Algansh','Abera','pass123',2,'Asella','F',0,0,0,1,'Biology');
INSERT INTO Student(SID,Fname,Lname,password,year,place,Gender,pillow,BedBase,Matress,isEligible,Department) 
VALUES('UGR/0053/14','Fikre','Zeruababel','pass123',3,'Bahir Dar','M',0,0,0,1,'Computer Science');
INSERT INTO Student(SID,Fname,Lname,password,year,place,Gender,pillow,BedBase,Matress,isEligible,Department) 
VALUES('UGR/0054/14','Alem','Kidus','pass123',4,'Addis Ababa','F',0,0,0,0,'Computer Science');
INSERT INTO Student(SID,Fname,Lname,password,year,place,Gender,pillow,BedBase,Matress,isEligible,Department) 
VALUES('UGR/0055/14','Gezahegn','Fassil','pass123',3,'Asella','M',0,0,0,1,'Maths');
INSERT INTO Student(SID,Fname,Lname,password,year,place,Gender,pillow,BedBase,Matress,isEligible,Department) 
VALUES('UGR/0056/14','Addis','Kaleb','pass123',2,'Addis Ababa','F',0,0,0,1,'Computer Science');
INSERT INTO Student(SID,Fname,Lname,password,year,place,Gender,pillow,BedBase,Matress,isEligible,Department) 
VALUES('UGR/0057/14','Tigistu','Habte','pass123',1,'Asella','M',0,0,0,1,'Maths');
INSERT INTO Student(SID,Fname,Lname,password,year,place,Gender,pillow,BedBase,Matress,isEligible,Department) 
VALUES('UGR/0058/14','Abebawork','Missaw','pass123',2,'Bahir Dar','F',0,0,0,0,'Biology');
INSERT INTO Student(SID,Fname,Lname,password,year,place,Gender,pillow,BedBase,Matress,isEligible,Department) 
VALUES('UGR/0059/14','Mebrahtom','Getinet','pass123',3,'Addis Ababa','M',0,0,0,1,'Computer Science');
INSERT INTO Student(SID,Fname,Lname,password,year,place,Gender,pillow,BedBase,Matress,isEligible,Department) 
VALUES('UGR/0060/14','Abaynesh','Getachew','pass123',4,'Gondar','F',0,0,0,1,'Computer Science');



INSERT INTO Student(SID,Fname,Lname,BuildingNumber,RoomNumber,password,year,place) VALUES('UGR/0012/13','Yeabesera','Derese','306','100','Yeabesera',2,'Addis Ababa');
INSERT INTO Student(SID,Fname,Lname,BuildingNumber,RoomNumber,password,year,place) VALUES('UGR/0013/13','Yeabesera','Degefa','306','100','Yeabesera',2,'Dire Dawa');
INSERT INTO Student(SID,Fname,Lname,BuildingNumber,RoomNumber,password,year,place) VALUES('UGR/0014/13','Yeabesera','Dereje','406','100','Yeabesera',3,'Hawassa');
INSERT INTO Student(SID,Fname,Lname,BuildingNumber,RoomNumber,password,year,place) VALUES('UGR/0015/13','Yeabesera','Melka','406','100','Yeabesera',1,'Bahirdar');
INSERT INTO Student(SID,Fname,Lname,BuildingNumber,RoomNumber,password,year,place) VALUES('UGR/0016/13','Fita','Wegene','407','100','Yeabesera',1,'Yabelo');
INSERT INTO Student(SID,Fname,Lname,BuildingNumber,RoomNumber,password,year,place) VALUES('UGR/0017/13','Tewodros','Nibret','407','100','Yeabesera',1,'Harar');

-- Student phone number data entry

INSERT INTO Student_Phonenumber(SID,Phonenumber) VALUES('UGR/0012/13', 0911926066);
INSERT INTO Student_Phonenumber(SID,Phonenumber) VALUES('UGR/0013/13', 0911926067);
INSERT INTO Student_Phonenumber(SID,Phonenumber) VALUES('UGR/0014/13', 0911926068);
INSERT INTO Student_Phonenumber(SID,Phonenumber) VALUES('UGR/0015/13', 0911926069);


-- proctor data entry


INSERT INTO Proctor(EID,Fname,Lname,Password,Gender) VALUES('EMP/0013/14','Megersa','Tekola','password123','M');
INSERT INTO Proctor(EID,Fname,Lname,Password,Gender) VALUES('EMP/0013/12','Abebe','Megersa','password123','F');
INSERT INTO Proctor(EID,Fname,Lname,Password,Gender) VALUES('EMP/0013/11','Desalegn','Abebe','password123','M');
INSERT INTO Proctor(EID,Fname,Lname,Password,Gender) VALUES('EMP/0013/10','Abebe','Kebede','password123','F');

-- Stock data entry

INSERT INTO Stock(BuildingNumber,RoomNumber,TotalMatress,TotalMatressBase,TotalPillow) VALUES('306','001',4,5,6);
INSERT INTO Stock(BuildingNumber,RoomNumber,TotalMatress,TotalMatressBase,TotalPillow) VALUES('307','001',4,5,6);
INSERT INTO Stock(BuildingNumber,RoomNumber,TotalMatress,TotalMatressBase,TotalPillow) VALUES('308','001',4,5,6);
INSERT INTO Stock(BuildingNumber,RoomNumber,TotalMatress,TotalMatressBase,TotalPillow) VALUES('406','001',5,6,8);
INSERT INTO Stock(BuildingNumber,RoomNumber,TotalMatress,TotalMatressBase,TotalPillow) VALUES('407','001',5,6,8);
INSERT INTO Stock(BuildingNumber,RoomNumber,TotalMatress,TotalMatressBase,TotalPillow) VALUES('408','001',5,6,8);


-- ProctorSchedule data entry

INSERT INTO ProctorSchedule(Fromdate,Todate, PID, BuildingNumber) VALUES('2022-10-31','2022-11-11','EMP/0013/14','306')
INSERT INTO ProctorSchedule(Fromdate,Todate, PID, BuildingNumber) VALUES('2022-11-12','2022-11-23','EMP/0013/14','307') 
INSERT INTO ProctorSchedule(Fromdate,Todate, PID, BuildingNumber) VALUES('2022-11-24','2022-12-02','EMP/0013/14','406') 
INSERT INTO ProctorSchedule(Fromdate,Todate, PID, BuildingNumber) VALUES('2022-12-03','2022-12-10','EMP/0013/14','407') 


-- Emergency contact data entry.

INSERT INTO EmergencyContact(SID,Fname,Lname,relation,PhoneNumber,Place) VALUES('UGR/0012/13','Test1','First','Mother','0912010302','Addis Ababa')
INSERT INTO EmergencyContact(SID,Fname,Lname,relation,PhoneNumber,Place) VALUES('UGR/0012/13','Test2','Second','Father','0912010402','Addis Ababa')
INSERT INTO EmergencyContact(SID,Fname,Lname,relation,PhoneNumber,Place) VALUES('UGR/0013/13','Test3','First','Mother','0912010302','Addis Ababa')
INSERT INTO EmergencyContact(SID,Fname,Lname,relation,PhoneNumber,Place) VALUES('UGR/0014/13','Test4','First','Mother','0912010302','Addis Ababa')

--Proctor controls stock data entry.
INSERT INTO ProctorControlsStock(EID,ActionType,actionDate,buildingNumber) VALUES('EMP/0013/14','Deallocation','2022-04-23','406')
INSERT INTO ProctorControlsStock(EID,ActionType,actionDate,buildingNumber) VALUES('EMP/0013/14','Allocation','2022-04-23','406')
INSERT INTO ProctorControlsStock(EID,ActionType,actionDate,buildingNumber) VALUES('EMP/0013/14','Changing dorm','2022-04-23','406')
